s_no,error_type,username,user_id,osm_location_link,changeset_id,changeset_link,osm_object_type,osm_object_id,time_utc,country,detail,hashtag
1,floating highway,rajdhani,20051396,https://www.openstreetmap.org/#map=18/-1.992086/113.760627,184897400,https://www.openstreetmap.org/changeset/184897400,way,1068125650,2026-07-01T06:57:01Z,Indonesia,way 1068125650: neither endpoint connects to any other highway -- isolated from the road network,tt_repair
2,crossing highway,Wildsharky,16577436,https://www.openstreetmap.org/#map=18/36.569967/51.920673,184895576,https://www.openstreetmap.org/changeset/184895576,way,690984829,2026-07-01T06:02:11Z,Iran,crosses way 1151258872 without a shared junction node,tt_repair
3,floating highway,Wildsharky,16577436,https://www.openstreetmap.org/#map=18/-29.359802/27.545846,184908746,https://www.openstreetmap.org/changeset/184908746,way,386710605,2026-07-01T11:28:36Z,Lesotho,way 386710605: neither endpoint connects to any other highway -- isolated from the road network,tt_repair
4,floating highway,ajmat,20051395,https://www.openstreetmap.org/#map=18/27.748496/-80.389846,184931108,https://www.openstreetmap.org/changeset/184931108,way,1395322257,2026-07-01T18:21:46Z,United States,way 1395322257: neither endpoint connects to any other highway -- isolated from the road network,tt_repair
5,feature mapped without primary tag,Wildsharky,16577436,https://www.openstreetmap.org/#map=18/-25.529879/-49.270849,184952835,https://www.openstreetmap.org/changeset/184952835,node,6358431568,2026-07-02T04:52:39Z,Brazil,"node 6358431568: tags present but none are a primary key: ['addr:housenumber', 'addr:street']",tt_repair
6,floating highway,rajdhani,20051396,https://www.openstreetmap.org/#map=18/-29.359821/27.544541,184954503,https://www.openstreetmap.org/changeset/184954503,way,205987597,2026-07-02T05:44:38Z,Lesotho,way 205987597: neither endpoint connects to any other highway -- isolated from the road network,tt_repair
7,floating highway,Wildsharky,16577436,https://www.openstreetmap.org/#map=18/19.627526/-101.279275,184954501,https://www.openstreetmap.org/changeset/184954501,way,541944185,2026-07-02T05:44:37Z,Mexico,way 541944185: neither endpoint connects to any other highway -- isolated from the road network,tt_repair
8,floating highway,Wildsharky,16577436,https://www.openstreetmap.org/#map=18/35.820593/139.791552,184963603,https://www.openstreetmap.org/changeset/184963603,way,126806927,2026-07-02T09:12:05Z,Japan,way 126806927: neither endpoint connects to any other highway -- isolated from the road network,tt_repair
9,floating highway,mw014,23925827,https://www.openstreetmap.org/#map=18/47.218504/-1.660870,184977621,https://www.openstreetmap.org/changeset/184977621,way,170377536,2026-07-02T13:58:20Z,France,way 170377536: neither endpoint connects to any other highway -- isolated from the road network,tt_repair
10,floating highway,rajdhani,20051396,https://www.openstreetmap.org/#map=18/48.013637/37.838763,185024881,https://www.openstreetmap.org/changeset/185024881,way,29486973,2026-07-03T07:54:07Z,Ukraine,way 29486973: neither endpoint connects to any other highway -- isolated from the road network,tt_repair
11,floating highway,Wildsharky,16577436,https://www.openstreetmap.org/#map=18/48.011617/37.836005,185023777,https://www.openstreetmap.org/changeset/185023777,way,24746923,2026-07-03T07:30:27Z,Ukraine,way 24746923: neither endpoint connects to any other highway -- isolated from the road network,tt_repair
12,floating highway,Wildsharky,16577436,https://www.openstreetmap.org/#map=18/-5.159039/119.419415,185022450,https://www.openstreetmap.org/changeset/185022450,way,190729802,2026-07-03T07:02:18Z,Indonesia,way 190729802: neither endpoint connects to any other highway -- isolated from the road network,tt_repair
13,floating highway,ajmat,20051395,https://www.openstreetmap.org/#map=18/48.013601/37.837336,185026266,https://www.openstreetmap.org/changeset/185026266,way,29486779,2026-07-03T08:25:26Z,Ukraine,way 29486779: neither endpoint connects to any other highway -- isolated from the road network,tt_repair
